{
  "timestamp": "2025-12-05T03:56:05.481Z",
  "dataset": {
    "sweBench": 300,
    "codeSearch": 500,
    "train": 180,
    "test": 120
  },
  "baseline": {
    "accuracy": 0.18333333333333332
  },
  "optimized": {
    "accuracy": 0.09166666666666666,
    "patternsLearned": 180,
    "graphNodes": 506,
    "codeSearchLearned": 500
  },
  "improvement": {
    "absolute": -0.09166666666666666,
    "relative": -50
  },
  "byMethod": {
    "pattern": {
      "total": 2,
      "correct": 0
    },
    "agent": {
      "total": 60,
      "correct": 10
    },
    "graph": {
      "total": 58,
      "correct": 1
    }
  },
  "provenance": {
    "chainHash": "9824cfc885741a729c62c9b14c8106ac3463957964360f8f484523ff11c496d2"
  }
}