{
  "timestamp": "2025-12-05T03:58:50.205Z",
  "version": "v2",
  "dataset": {
    "total": 300,
    "train": 180,
    "test": 120
  },
  "results": {
    "originalBaseline": 0.18333333333333332,
    "enhancedBaseline": 0.08333333333333333,
    "ensemble": 0.09166666666666666,
    "crossValidation": {
      "meanAccuracy": 0.09666666666666665,
      "stdAccuracy": 0.026666666666666665,
      "foldResults": [
        0.1,
        0.05,
        0.1,
        0.13333333333333333,
        0.1
      ]
    }
  },
  "improvement": {
    "vsOriginal": -0.09166666666666666,
    "vsEnhanced": 0.008333333333333331
  },
  "byMethod": {
    "plain": {
      "total": 11,
      "correct": 0
    },
    "backtick": {
      "total": 3,
      "correct": 0
    },
    "import": {
      "total": 39,
      "correct": 3
    },
    "quoted": {
      "total": 15,
      "correct": 7
    },
    "pattern": {
      "total": 52,
      "correct": 1
    }
  },
  "provenance": {
    "hash": "050bb5eb09623d49eb056cb54afdd2eeea5364908e87294c190d008ed64876d6"
  }
}